sheet	cell	formula	value
担当者別 引取り予定表	Q4	E4+G4+I4+K4+M4+O4	0
担当者別 引取り予定表	R4	F4+H4+J4+L4+N4+P4	0
担当者別 引取り予定表	Q5	E5+G5+I5+K5+M5+O5	0
担当者別 引取り予定表	R5	F5+H5+J5+L5+N5+P5	0
担当者別 引取り予定表	Q6	E6+G6+I6+K6+M6+O6	0
担当者別 引取り予定表	R6		0
担当者別 引取り予定表	Q7		0
担当者別 引取り予定表	R7		0
担当者別 引取り予定表	Q8		0
担当者別 引取り予定表	R8		0
担当者別 引取り予定表	Q9		0
担当者別 引取り予定表	R9		0
担当者別 引取り予定表	Q10		0
担当者別 引取り予定表	R10		0
担当者別 引取り予定表	Q11		0
担当者別 引取り予定表	R11		0
担当者別 引取り予定表	Q12		0
担当者別 引取り予定表	R12		0
担当者別 引取り予定表	Q13		0
担当者別 引取り予定表	R13		0
担当者別 引取り予定表	Q14		0
担当者別 引取り予定表	R14		0
担当者別 引取り予定表	Q15		0
担当者別 引取り予定表	R15		0
担当者別 引取り予定表	Q16		0
担当者別 引取り予定表	R16		0
担当者別 引取り予定表	Q17		0
担当者別 引取り予定表	R17		0
担当者別 引取り予定表	Q18		0
担当者別 引取り予定表	R18		0
担当者別 引取り予定表	Q19		0
担当者別 引取り予定表	R19		0
担当者別 引取り予定表	Q20		212
担当者別 引取り予定表	R20		0
担当者別 引取り予定表	Q21		0
担当者別 引取り予定表	R21		0
担当者別 引取り予定表	Q22		0
担当者別 引取り予定表	R22		0
担当者別 引取り予定表	Q23		0
担当者別 引取り予定表	R23		0
担当者別 引取り予定表	Q24		0
担当者別 引取り予定表	R24		0
担当者別 引取り予定表	Q25		0
担当者別 引取り予定表	R25		0
担当者別 引取り予定表	Q26		0
担当者別 引取り予定表	R26		0
担当者別 引取り予定表	Q27		0
担当者別 引取り予定表	R27		0
担当者別 引取り予定表	Q28		0
担当者別 引取り予定表	R28		0
担当者別 引取り予定表	Q29		0
担当者別 引取り予定表	R29		0
担当者別 引取り予定表	Q30		0
担当者別 引取り予定表	R30		0
担当者別 引取り予定表	Q31		0
担当者別 引取り予定表	R31		0
担当者別 引取り予定表	Q32		0
担当者別 引取り予定表	R32		0
担当者別 引取り予定表	Q33		0
担当者別 引取り予定表	R33		0
担当者別 引取り予定表	Q34		0
担当者別 引取り予定表	R34		0
担当者別 引取り予定表	Q35		0
担当者別 引取り予定表	R35		0
担当者別 引取り予定表	Q36		0
担当者別 引取り予定表	R36		0
担当者別 引取り予定表	Q37		0
担当者別 引取り予定表	R37		0
担当者別 引取り予定表	Q38		0
担当者別 引取り予定表	R38		0
担当者別 引取り予定表	Q39		0
担当者別 引取り予定表	R39		0
担当者別 引取り予定表	Q40		0
担当者別 引取り予定表	R40		0
担当者別 引取り予定表	Q41	E41+G41+I41+K41+M41+O41	0
担当者別 引取り予定表	R41		0
担当者別 引取り予定表	L42	M1	2026年
担当者別 引取り予定表	M43	$M$2	川崎
担当者別 引取り予定表	O43	$O$2	野村
担当者別 引取り予定表	Q45	E45+G45+I45+K45+M45+O45	0
担当者別 引取り予定表	R45	F45+H45+J45+L45+N45+P45	0
担当者別 引取り予定表	Q46	E46+G46+I46+K46+M46+O46	0
担当者別 引取り予定表	R46	F46+H46+J46+L46+N46+P46	0
担当者別 引取り予定表	Q47	E47+G47+I47+K47+M47+O47	0
担当者別 引取り予定表	R47		0
担当者別 引取り予定表	Q48		0
担当者別 引取り予定表	R48		0
担当者別 引取り予定表	Q49		0
担当者別 引取り予定表	R49		0
担当者別 引取り予定表	Q50		0
担当者別 引取り予定表	R50		0
担当者別 引取り予定表	Q51		0
担当者別 引取り予定表	R51		0
担当者別 引取り予定表	Q52		0
担当者別 引取り予定表	R52		0
担当者別 引取り予定表	Q53		0
担当者別 引取り予定表	R53		0
担当者別 引取り予定表	Q54		0
担当者別 引取り予定表	R54		0
担当者別 引取り予定表	Q55		0
担当者別 引取り予定表	R55		0
担当者別 引取り予定表	Q56		0
担当者別 引取り予定表	R56		0
担当者別 引取り予定表	Q57		0
担当者別 引取り予定表	R57		0
担当者別 引取り予定表	Q58		0
担当者別 引取り予定表	R58		0
担当者別 引取り予定表	Q59		0
担当者別 引取り予定表	R59		0
担当者別 引取り予定表	Q60		0
担当者別 引取り予定表	R60		0
担当者別 引取り予定表	Q61		0
担当者別 引取り予定表	R61		0
担当者別 引取り予定表	Q62		0
担当者別 引取り予定表	R62		0
担当者別 引取り予定表	Q63		0
担当者別 引取り予定表	R63		0
担当者別 引取り予定表	Q64		0
担当者別 引取り予定表	R64		0
担当者別 引取り予定表	Q65		0
担当者別 引取り予定表	R65		0
担当者別 引取り予定表	Q66		0
担当者別 引取り予定表	R66		0
担当者別 引取り予定表	Q67		0
担当者別 引取り予定表	R67		0
担当者別 引取り予定表	Q68		0
担当者別 引取り予定表	R68		0
担当者別 引取り予定表	Q69		0
担当者別 引取り予定表	R69		0
担当者別 引取り予定表	Q70		0
担当者別 引取り予定表	R70		0
担当者別 引取り予定表	Q71		0
担当者別 引取り予定表	R71		0
担当者別 引取り予定表	Q72		0
担当者別 引取り予定表	R72		0
担当者別 引取り予定表	Q73		0
担当者別 引取り予定表	R73		0
担当者別 引取り予定表	Q74		0
担当者別 引取り予定表	R74		0
担当者別 引取り予定表	Q75		0
担当者別 引取り予定表	R75		0
担当者別 引取り予定表	Q76		0
担当者別 引取り予定表	R76		0
担当者別 引取り予定表	Q77		0
担当者別 引取り予定表	R77		0
担当者別 引取り予定表	Q78		0
担当者別 引取り予定表	R78		0
担当者別 引取り予定表	Q79		0
担当者別 引取り予定表	R79		0
担当者別 引取り予定表	Q80		0
担当者別 引取り予定表	R80		0
担当者別 引取り予定表	Q81		0
担当者別 引取り予定表	R81		0
担当者別 引取り予定表	Q82	E82+G82+I82+K82+M82+O82	0
担当者別 引取り予定表	R82		0
担当者別 引取り予定表	Q83		0
担当者別 引取り予定表	R83		0
担当者別 引取り予定表	Q84		0
担当者別 引取り予定表	R84		0
担当者別 引取り予定表	Q85		0
担当者別 引取り予定表	R85		0
担当者別 引取り予定表	L87	L42	2026年
担当者別 引取り予定表	M88	$M$2	川崎
担当者別 引取り予定表	O88	$O$2	野村
担当者別 引取り予定表	Q90	E90+G90+I90+K90+M90+O90	0
担当者別 引取り予定表	R90	F90+H90+J90+L90+N90+P90	0
担当者別 引取り予定表	Q91	E91+G91+I91+K91+M91+O91	0
担当者別 引取り予定表	R91	F91+H91+J91+L91+N91+P91	0
担当者別 引取り予定表	Q92	E92+G92+I92+K92+M92+O92	0
担当者別 引取り予定表	R92		0
担当者別 引取り予定表	Q93		0
担当者別 引取り予定表	R93		0
担当者別 引取り予定表	Q94		0
担当者別 引取り予定表	R94		0
担当者別 引取り予定表	Q95		0
担当者別 引取り予定表	R95		0
担当者別 引取り予定表	Q96		0
担当者別 引取り予定表	R96		0
担当者別 引取り予定表	Q97		0
担当者別 引取り予定表	R97		0
担当者別 引取り予定表	Q98		0
担当者別 引取り予定表	R98		0
担当者別 引取り予定表	Q99		0
担当者別 引取り予定表	R99		0
担当者別 引取り予定表	Q100		0
担当者別 引取り予定表	R100		0
担当者別 引取り予定表	Q101		0
担当者別 引取り予定表	R101		0
担当者別 引取り予定表	Q102		0
担当者別 引取り予定表	R102		0
担当者別 引取り予定表	Q103		0
担当者別 引取り予定表	R103		0
担当者別 引取り予定表	Q104		0
担当者別 引取り予定表	R104		0
担当者別 引取り予定表	Q105		0
担当者別 引取り予定表	R105		0
担当者別 引取り予定表	Q106		0
担当者別 引取り予定表	R106		0
担当者別 引取り予定表	Q107		0
担当者別 引取り予定表	R107		0
担当者別 引取り予定表	Q108		0
担当者別 引取り予定表	R108		0
担当者別 引取り予定表	Q109		0
担当者別 引取り予定表	R109		0
担当者別 引取り予定表	Q110		0
担当者別 引取り予定表	R110		0
担当者別 引取り予定表	Q111		0
担当者別 引取り予定表	R111		0
担当者別 引取り予定表	Q112		0
担当者別 引取り予定表	R112		0
担当者別 引取り予定表	Q113		0
担当者別 引取り予定表	R113		0
担当者別 引取り予定表	Q114		0
担当者別 引取り予定表	R114		0
担当者別 引取り予定表	Q115		0
担当者別 引取り予定表	R115		0
担当者別 引取り予定表	Q116		0
担当者別 引取り予定表	R116		0
担当者別 引取り予定表	Q117		0
担当者別 引取り予定表	R117		0
担当者別 引取り予定表	Q118		0
担当者別 引取り予定表	R118		0
担当者別 引取り予定表	Q119		0
担当者別 引取り予定表	R119		0
担当者別 引取り予定表	Q120		0
担当者別 引取り予定表	R120		0
担当者別 引取り予定表	Q121		0
担当者別 引取り予定表	R121		0
担当者別 引取り予定表	Q122		0
担当者別 引取り予定表	R122		0
担当者別 引取り予定表	Q123		0
担当者別 引取り予定表	R123		0
担当者別 引取り予定表	Q124		0
担当者別 引取り予定表	R124		0
担当者別 引取り予定表	Q125		0
担当者別 引取り予定表	R125		0
担当者別 引取り予定表	Q126		0
担当者別 引取り予定表	R126		0
担当者別 引取り予定表	Q127	E127+G127+I127+K127+M127+O127	0
担当者別 引取り予定表	R127		0
担当者別 引取り予定表	Q128		0
担当者別 引取り予定表	R128		0
担当者別 引取り予定表	Q129		0
担当者別 引取り予定表	R129		0
担当者別 引取り予定表	Q130		0
担当者別 引取り予定表	R130		0
担当者別 引取り予定表	Q131		0
担当者別 引取り予定表	R131		0
担当者別 引取り予定表	Q132		0
担当者別 引取り予定表	R132		0
担当者別 引取り予定表	Q133		0
担当者別 引取り予定表	R133		0
担当者別 引取り予定表	Q134		0
担当者別 引取り予定表	R134		0
担当者別 引取り予定表	L135	M1	2026年
担当者別 引取り予定表	M136	$M$2	川崎
担当者別 引取り予定表	O136	$O$2	野村
担当者別 引取り予定表	Q138	E138+G138+I138+K138+M138+O138	0
担当者別 引取り予定表	R138	F138+H138+J138+L138+N138+P138	0
担当者別 引取り予定表	Q139	E139+G139+I139+K139+M139+O139	0
担当者別 引取り予定表	R139	F139+H139+J139+L139+N139+P139	0
担当者別 引取り予定表	Q140	E140+G140+I140+K140+M140+O140	0
担当者別 引取り予定表	R140		0
担当者別 引取り予定表	Q141		0
担当者別 引取り予定表	R141		0
担当者別 引取り予定表	Q142		18
担当者別 引取り予定表	R142		0
担当者別 引取り予定表	Q143		0
担当者別 引取り予定表	R143		0
担当者別 引取り予定表	Q144		0
担当者別 引取り予定表	R144		0
担当者別 引取り予定表	Q145		0
担当者別 引取り予定表	R145		0
担当者別 引取り予定表	Q146		0
担当者別 引取り予定表	R146		0
担当者別 引取り予定表	Q147		0
担当者別 引取り予定表	R147		0
担当者別 引取り予定表	Q148		0
担当者別 引取り予定表	R148		0
担当者別 引取り予定表	Q149		0
担当者別 引取り予定表	R149		0
担当者別 引取り予定表	Q150		0
担当者別 引取り予定表	R150		0
担当者別 引取り予定表	Q151		0
担当者別 引取り予定表	R151		0
担当者別 引取り予定表	Q152		0
担当者別 引取り予定表	R152		0
担当者別 引取り予定表	Q153		0
担当者別 引取り予定表	R153		0
担当者別 引取り予定表	Q154		0
担当者別 引取り予定表	R154		0
担当者別 引取り予定表	Q155		0
担当者別 引取り予定表	R155		0
担当者別 引取り予定表	Q156	E156+G156+I156+K156+M156+O156	0
担当者別 引取り予定表	R156		0
担当者別 引取り予定表	Q157		0
担当者別 引取り予定表	R157		0
担当者別 引取り予定表	Q158		0
担当者別 引取り予定表	R158		0
担当者別 引取り予定表	Q159		0
担当者別 引取り予定表	R159		0
担当者別 引取り予定表	Q160		0
担当者別 引取り予定表	R160		0
担当者別 引取り予定表	Q161		0
担当者別 引取り予定表	R161		0
担当者別 引取り予定表	Q162		0
担当者別 引取り予定表	R162		0
担当者別 引取り予定表	Q163		0
担当者別 引取り予定表	R163		0
担当者別 引取り予定表	Q164		0
担当者別 引取り予定表	R164		0
担当者別 引取り予定表	Q165		0
担当者別 引取り予定表	R165		0
担当者別 引取り予定表	Q166		0
担当者別 引取り予定表	R166		0
担当者別 引取り予定表	Q167		0
担当者別 引取り予定表	R167		0
担当者別 引取り予定表	Q168		0
担当者別 引取り予定表	R168		0
担当者別 引取り予定表	Q169		0
担当者別 引取り予定表	R169		0
担当者別 引取り予定表	Q170		0
担当者別 引取り予定表	R170		0
担当者別 引取り予定表	Q171		0
担当者別 引取り予定表	R171		0
担当者別 引取り予定表	Q172		0
担当者別 引取り予定表	R172		0
担当者別 引取り予定表	Q173		0
担当者別 引取り予定表	R173		0
担当者別 引取り予定表	Q174		0
担当者別 引取り予定表	R174		0
担当者別 引取り予定表	Q175		0
担当者別 引取り予定表	R175		0
担当者別 引取り予定表	L176	M1	2026年
担当者別 引取り予定表	M177	$M$2	川崎
担当者別 引取り予定表	O177	$O$2	野村
担当者別 引取り予定表	Q179	E179+G179+I179+K179+M179+O179	0
担当者別 引取り予定表	R179	F179+H179+J179+L179+N179+P179	0
担当者別 引取り予定表	Q180	E180+G180+I180+K180+M180+O180	0
担当者別 引取り予定表	R180	F180+H180+J180+L180+N180+P180	0
担当者別 引取り予定表	Q181	E181+G181+I181+K181+M181+O181	0
担当者別 引取り予定表	R181		0
担当者別 引取り予定表	Q182		0
担当者別 引取り予定表	R182		0
担当者別 引取り予定表	Q183		0
担当者別 引取り予定表	R183		0
担当者別 引取り予定表	Q184		0
担当者別 引取り予定表	R184		0
担当者別 引取り予定表	Q185		0
担当者別 引取り予定表	R185		0
担当者別 引取り予定表	Q186		0
担当者別 引取り予定表	R186		0
担当者別 引取り予定表	Q187		0
担当者別 引取り予定表	R187		0
担当者別 引取り予定表	Q188		0
担当者別 引取り予定表	R188		0
担当者別 引取り予定表	Q189		0
担当者別 引取り予定表	R189		0
担当者別 引取り予定表	Q190		0
担当者別 引取り予定表	R190		0
担当者別 引取り予定表	Q191		0
担当者別 引取り予定表	R191		0
担当者別 引取り予定表	Q192		0
担当者別 引取り予定表	R192		0
担当者別 引取り予定表	Q193		0
担当者別 引取り予定表	R193		0
担当者別 引取り予定表	Q194		0
担当者別 引取り予定表	R194		0
担当者別 引取り予定表	Q195		0
担当者別 引取り予定表	R195		0
担当者別 引取り予定表	Q196		0
担当者別 引取り予定表	R196		0
担当者別 引取り予定表	Q197	E197+G197+I197+K197+M197+O197	0
担当者別 引取り予定表	R197		0
担当者別 引取り予定表	Q198		0
担当者別 引取り予定表	R198		0
担当者別 引取り予定表	Q199		0
担当者別 引取り予定表	R199		0
担当者別 引取り予定表	Q200		0
担当者別 引取り予定表	R200		0
担当者別 引取り予定表	Q201		0
担当者別 引取り予定表	R201		0
担当者別 引取り予定表	Q202		0
担当者別 引取り予定表	R202		0
担当者別 引取り予定表	Q203		0
担当者別 引取り予定表	R203		0
担当者別 引取り予定表	Q204		0
担当者別 引取り予定表	R204		0
担当者別 引取り予定表	Q205		0
担当者別 引取り予定表	R205		0
担当者別 引取り予定表	Q206		0
担当者別 引取り予定表	R206		0
担当者別 引取り予定表	Q207		0
担当者別 引取り予定表	R207		0
担当者別 引取り予定表	Q208		0
担当者別 引取り予定表	R208		0
担当者別 引取り予定表	Q209		0
担当者別 引取り予定表	R209		0
担当者別 引取り予定表	Q210		0
担当者別 引取り予定表	R210		0
担当者別 引取り予定表	Q211		0
担当者別 引取り予定表	R211		0
担当者別 引取り予定表	Q212		0
担当者別 引取り予定表	R212		0
担当者別 引取り予定表	Q213		0
担当者別 引取り予定表	R213		0
担当者別 引取り予定表	Q214		0
担当者別 引取り予定表	R214		0
担当者別 引取り予定表	Q215		0
担当者別 引取り予定表	R215		0
担当者別 引取り予定表	Q216		0
担当者別 引取り予定表	R216		0
担当者別 引取り予定表	Q217		0
担当者別 引取り予定表	R217		0
担当者別 引取り予定表	Q218		0
担当者別 引取り予定表	R218		0
担当者別 引取り予定表	Q219		0
担当者別 引取り予定表	R219		0
担当者別 引取り予定表	Q220		0
担当者別 引取り予定表	R220		0
担当者別 引取り予定表	Q221		0
担当者別 引取り予定表	R221		0
担当者別 引取り予定表	Q222		0
担当者別 引取り予定表	R222		0
担当者別 引取り予定表	Q223		0
担当者別 引取り予定表	R223		0
担当者別 引取り予定表	Q224		0
担当者別 引取り予定表	R224		0
担当者別 引取り予定表	Q225		0
担当者別 引取り予定表	R225		0
担当者別 引取り予定表	Q226		0
担当者別 引取り予定表	R226		0
担当者別 引取り予定表	Q227		0
担当者別 引取り予定表	R227		0
担当者別 引取り予定表	Q228		0
担当者別 引取り予定表	R228		0
担当者別 引取り予定表	Q229		0
担当者別 引取り予定表	R229		0
担当者別 引取り予定表	Q230		0
担当者別 引取り予定表	R230		0
担当者別 引取り予定表	Q231		0
担当者別 引取り予定表	R231		0
担当者別 引取り予定表	Q232		0
担当者別 引取り予定表	R232		0
担当者別 引取り予定表	Q233		0
担当者別 引取り予定表	R233		0
担当者別 引取り予定表	Q234		0
担当者別 引取り予定表	R234		0
担当者別 引取り予定表	Q235		0
担当者別 引取り予定表	R235		0
担当者別 引取り予定表	Q236		0
担当者別 引取り予定表	R236		0
担当者別 引取り予定表	Q237		0
担当者別 引取り予定表	R237		0
担当者別 引取り予定表	Q238	E238+G238+I238+K238+M238+O238	0
担当者別 引取り予定表	R238	F238+H238+J238+L238+N238+P238	0
担当者別 引取り予定表	Q239	E239+G239+I239+K239+M239+O239	0
担当者別 引取り予定表	R239	F239+H239+J239+L239+N239+P239	0
担当者別 引取り予定表	Q240		0
担当者別 引取り予定表	R240		0
担当者別 引取り予定表	Q241	E241+G241+I241+K241+M241+O241	0
担当者別 引取り予定表	R241	F241+H241+J241+L241+N241+P241	0
担当者別 引取り予定表	Q242		0
担当者別 引取り予定表	R242		0
担当者別 引取り予定表	Q243		0
担当者別 引取り予定表	R243		0
担当者別 引取り予定表	Q244	E244+G244+I244+K244+M244+O244	0
担当者別 引取り予定表	R244	F244+H244+J244+L244+N244+P244	0
担当者別 引取り予定表	Q245		0
担当者別 引取り予定表	R245		0
担当者別 引取り予定表	Q246		0
担当者別 引取り予定表	R246		0
担当者別 引取り予定表	Q247		0
担当者別 引取り予定表	R247		0
担当者別 引取り予定表	Q248		0
担当者別 引取り予定表	R248		0
担当者別 引取り予定表	Q249		0
担当者別 引取り予定表	R249		0
担当者別 引取り予定表	Q250		0
担当者別 引取り予定表	R250		0
担当者別 引取り予定表	Q251		0
担当者別 引取り予定表	R251		0
担当者別 引取り予定表	Q252		0
担当者別 引取り予定表	R252		0
担当者別 引取り予定表	Q253		0
担当者別 引取り予定表	R253		0
担当者別 引取り予定表	Q254	E254+G254+I254+K254+M254+O254	0
担当者別 引取り予定表	R254	F254+H254+J254+L254+N254+P254	0
担当者別 引取り予定表	Q255	E255+G255+I255+K255+M255+O255	0
担当者別 引取り予定表	R255		0
担当者別 引取り予定表	Q256		0
担当者別 引取り予定表	R256		0
首都圏(仕入品)	C74	$C$2	
首都圏(仕入品)	B76	B4	46133
首都圏(仕入品)	B78	B6	首都圏オフィス
首都圏(仕入品)	C143	C71	(様式-販売-１)Rev.2025.05.20
首都圏(仕入品)	C146	$C$2	
首都圏(仕入品)	B148	B4	46133
首都圏(仕入品)	B150	B6	首都圏オフィス
首都圏(仕入品)	C215	C71	(様式-販売-１)Rev.2025.05.20
首都圏(仕入品)	C288	C71	(様式-販売-１)Rev.2025.05.20
首都圏(仕入品)	C359	C71	(様式-販売-１)Rev.2025.05.20
首都圏(四工品)	B75	$B$2	2026年
首都圏(四工品)	G75	$G$2	
首都圏(四工品)	B77	$B$4	46133
首都圏(四工品)	Q77	$Q$4	CC
首都圏(四工品)	S77	$S$4	CCｾﾝﾀｰ長
首都圏(四工品)	V77	$V$4	承認者
首都圏(四工品)	Y77	$Y$4	製造課
首都圏(四工品)	AB77	$AB$4	業務課
首都圏(四工品)	V78	$V$5	（工場長）
首都圏(四工品)	B79	IF($B$6="","",$B$6)	首都圏オフィス
首都圏(四工品)	I79	$I$6	承認者
首都圏(四工品)	L79	$L$6	担当者
首都圏(四工品)	S79	IF($S$6="","",$S$6)	
首都圏(四工品)	V79	IF($V$6="","",$V$6)	
首都圏(四工品)	Y79	IF($Y$6="","",$Y$6)	
首都圏(四工品)	AB79	IF($AB$6="","",$AB$6)	
首都圏(四工品)	M80	IF($M$7="","",$M$7)	
首都圏(四工品)	Q80	$Q$7	四工
首都圏(四工品)	C145	IF($C$72="","",$C$72)	(様式-販売-１)Rev.2025.09.12
首都圏(四工品)	Y145	IF($Y$72="","",$Y$72)	昭石化工株式会社
首都圏(四工品)	B146	IF($B$73="","",$B$73)	販売現業所→カスタマーセンター→四日市工場
首都圏(四工品)	B148	$B$2	2026年
首都圏(四工品)	G148	$G$2	
首都圏(四工品)	B150	$B$4	46133
首都圏(四工品)	Q150	$Q$4	CC
首都圏(四工品)	S150	$S$4	CCｾﾝﾀｰ長
首都圏(四工品)	V150	$V$4	承認者
首都圏(四工品)	Y150	$Y$4	製造課
首都圏(四工品)	AB150	$AB$4	業務課
首都圏(四工品)	V151	$V$5	（工場長）
首都圏(四工品)	B152	IF($B$6="","",$B$6)	首都圏オフィス
首都圏(四工品)	I152	$I$6	承認者
首都圏(四工品)	L152	$L$6	担当者
首都圏(四工品)	S152	IF($S$6="","",$S$6)	
首都圏(四工品)	V152	IF($V$6="","",$V$6)	
首都圏(四工品)	Y152	IF($Y$6="","",$Y$6)	
首都圏(四工品)	AB152	IF($AB$6="","",$AB$6)	
首都圏(四工品)	M153	IF($M$7="","",$M$7)	
首都圏(四工品)	Q153	$Q$7	四工
首都圏(四工品)	C218	IF($C$72="","",$C$72)	(様式-販売-１)Rev.2025.09.12
首都圏(四工品)	Y218	IF($Y$72="","",$Y$72)	昭石化工株式会社
首都圏(四工品)	B219	IF($B$73="","",$B$73)	販売現業所→カスタマーセンター→四日市工場
首都圏(四工品)	B221	$B$2	2026年
首都圏(四工品)	G221	$G$2	
首都圏(四工品)	B223	$B$4	46133
首都圏(四工品)	Q223	$Q$4	CC
首都圏(四工品)	S223	$S$4	CCｾﾝﾀｰ長
首都圏(四工品)	V223	$V$4	承認者
首都圏(四工品)	Y223	$Y$4	製造課
首都圏(四工品)	AB223	$AB$4	業務課
首都圏(四工品)	V224	$V$5	（工場長）
首都圏(四工品)	B225	IF($B$6="","",$B$6)	首都圏オフィス
首都圏(四工品)	I225	$I$6	承認者
首都圏(四工品)	L225	$L$6	担当者
首都圏(四工品)	S225	IF($S$6="","",$S$6)	
首都圏(四工品)	V225	IF($V$6="","",$V$6)	
首都圏(四工品)	Y225	IF($Y$6="","",$Y$6)	
首都圏(四工品)	AB225	IF($AB$6="","",$AB$6)	
首都圏(四工品)	M226	IF($M$7="","",$M$7)	
首都圏(四工品)	Q226	$Q$7	四工
首都圏(四工品)	C291	IF($C$72="","",$C$72)	(様式-販売-１)Rev.2025.09.12
首都圏(四工品)	Y291	IF($Y$72="","",$Y$72)	昭石化工株式会社
首都圏(四工品)	B292	IF($B$73="","",$B$73)	販売現業所→カスタマーセンター→四日市工場
首都圏(四工品)	B294	$B$2	2026年
首都圏(四工品)	G294	$G$2	
首都圏(四工品)	B296	$B$4	46133
首都圏(四工品)	Q296	$Q$4	CC
首都圏(四工品)	S296	$S$4	CCｾﾝﾀｰ長
首都圏(四工品)	V296	$V$4	承認者
首都圏(四工品)	Y296	$Y$4	製造課
首都圏(四工品)	AB296	$AB$4	業務課
首都圏(四工品)	V297	$V$5	（工場長）
首都圏(四工品)	B298	IF($B$6="","",$B$6)	首都圏オフィス
首都圏(四工品)	I298	$I$6	承認者
首都圏(四工品)	L298	$L$6	担当者
首都圏(四工品)	S298	IF($S$6="","",$S$6)	
首都圏(四工品)	V298	IF($V$6="","",$V$6)	
首都圏(四工品)	Y298	IF($Y$6="","",$Y$6)	
首都圏(四工品)	AB298	IF($AB$6="","",$AB$6)	
首都圏(四工品)	M299	IF($M$7="","",$M$7)	
首都圏(四工品)	Q299	$Q$7	四工
首都圏(四工品)	S301	$S$9	※業務課は確認後、保管する。
首都圏(四工品)	C364	IF($C$72="","",$C$72)	(様式-販売-１)Rev.2025.09.12
首都圏(四工品)	Y364	IF($Y$72="","",$Y$72)	昭石化工株式会社
首都圏(四工品)	B365	IF($B$73="","",$B$73)	販売現業所→カスタマーセンター→四日市工場
プログラム設定	A2	$A$1&"\集計データ\"&$A$3	#REF!
プログラム設定	A3	#REF!&#REF!	#REF!
プログラム設定	A4	"【首都圏】様式-販売-1 引取予定表（生産品・ＯＥＭ品）"&$A$3&"集計.xlsx"	#REF!
プログラム設定	A5	"【首都圏】様式-販売-1 引取予定表（仕入品）"&$A$3&"集計.xlsx"	#REF!
変換候補一覧	A5	_xlfn._xlws.PY(0,1,未変換一覧[],未一致一覧,テーブル1[])	#VALUE!
